{
  "train_loss": [
    1.6062628930182103,
    1.265592980415315,
    1.0900383029142608,
    0.9828873758425798,
    0.9017468014031725,
    0.8488235534609431,
    0.7938923148243019,
    0.7569386174001962,
    0.7226474166221326,
    0.6866021323996736,
    0.6468436516002011,
    0.6007209748715696,
    0.5702338091400273,
    0.5271519631376047,
    0.4835571224427284,
    0.4445776649753151,
    0.40654979897734456,
    0.3680311372441709,
    0.3401335862362781,
    0.3219997209813589
  ],
  "train_acc": [
    40.706,
    54.386,
    61.396,
    65.272,
    68.674,
    70.584,
    72.596,
    73.802,
    74.932,
    76.348,
    77.696,
    79.414,
    80.428,
    81.97,
    83.296,
    84.782,
    86.024,
    87.424,
    88.428,
    89.202
  ],
  "test_loss": [
    1182453296.0,
    96244291.2,
    49349463.64,
    26025722.44,
    11899683.71,
    4366876.9525,
    4063058.4975,
    3958130.5725,
    930442.84375,
    1676074.82625,
    747734.548125,
    1074951.270625,
    2006869.97375,
    702295.0825,
    1223564.14125,
    1125775.96,
    1747654.0025,
    1107791.296875,
    1654398.845,
    1662872.34125
  ],
  "test_acc": [
    10.0,
    10.0,
    10.0,
    10.0,
    10.0,
    10.0,
    10.0,
    10.0,
    9.61,
    10.02,
    14.73,
    10.05,
    10.08,
    9.56,
    7.84,
    9.37,
    9.88,
    9.14,
    9.93,
    9.96
  ],
  "noise_strength": [
    0.5,
    0.5,
    0.5,
    0.5,
    0.5,
    0.5,
    0.5,
    0.5,
    0.5,
    0.5,
    0.5,
    0.5,
    0.5,
    0.5,
    0.5,
    0.5,
    0.5,
    0.5,
    0.5,
    0.5
  ]
}