{
  "weight_shape": [
    128,
    128
  ],
  "input_shape": [
    128
  ],
  "output_shape": [
    128
  ],
  "max_current": 0.06413750297881296,
  "min_current": 0.005864299957790902,
  "avg_power": 1.7913172200870808,
  "array_efficiency": 0.00010933332642133062,
  "snr": 8.51372614412887
}