{
  "alpha_values": [
    0.0,
    0.02,
    0.05,
    0.1,
    0.15,
    0.2
  ],
  "snr_values": [
    25.637141683936754,
    25.62523050011039,
    25.606555980473974,
    25.573092688965346,
    25.536366868184913,
    25.49592661393305
  ],
  "power_values": [
    1.6754833199735568,
    1.6754833199735568,
    1.6754833199735568,
    1.6754833199735568,
    1.6754833199735568,
    1.6754833199735568
  ]
}