{
  "alpha_values": [
    0.0,
    0.02,
    0.05,
    0.1,
    0.15,
    0.2
  ],
  "snr_values": [
    26.743608757949655,
    26.730577819524335,
    26.71017635696837,
    26.67370169643395,
    26.633785849389046,
    26.58996137128952
  ],
  "power_values": [
    1.8181474757988068,
    1.8181474757988068,
    1.8181474757988068,
    1.8181474757988068,
    1.8181474757988068,
    1.8181474757988068
  ]
}