{
  "train_loss": [
    2.1699177343827074,
    1.5979329131143478,
    1.3924425334271873,
    1.225420828670492,
    1.109216614300028,
    1.0269561207203,
    0.955568389514523,
    0.8989030526727056,
    0.8457655025565106,
    0.8014815922283456,
    0.7530587814043245,
    0.7022757967719642,
    0.6602131881372398,
    0.6180465525525916,
    0.5705379945085481,
    0.5248750172307729,
    0.4824974908853126,
    0.44531094280960004,
    0.4111710176672167,
    0.3981381758399632
  ],
  "train_acc": [
    25.926,
    40.976,
    49.122,
    55.806,
    60.494,
    63.77,
    66.4,
    68.662,
    70.378,
    72.1,
    73.918,
    75.536,
    76.994,
    78.586,
    80.092,
    81.756,
    83.224,
    84.41,
    85.792,
    86.09
  ],
  "test_loss": [
    1.7212126553058624,
    1.4251270973682404,
    1.3478499221801759,
    1.2673126459121704,
    1.1674075239896775,
    1.0667362481355667,
    0.9453470885753632,
    0.9229981499910355,
    0.8479646402597427,
    0.7645266810059548,
    0.7172039100527763,
    0.7418211555480957,
    0.658215808570385,
    0.6474455127120018,
    0.6131809580326081,
    0.5690051305294037,
    0.5384403771162033,
    0.5132336342334747,
    0.5011716307699681,
    0.4918904156982899
  ],
  "test_acc": [
    34.52,
    46.1,
    50.89,
    56.09,
    59.63,
    62.72,
    67.61,
    67.99,
    70.76,
    73.57,
    75.16,
    74.82,
    77.34,
    78.16,
    79.06,
    80.73,
    81.56,
    82.48,
    82.83,
    83.48
  ],
  "noise_strength": [
    1.0,
    1.0,
    1.0,
    1.0,
    1.0,
    1.0,
    1.0,
    1.0,
    1.0,
    1.0,
    1.0,
    1.0,
    1.0,
    1.0,
    1.0,
    1.0,
    1.0,
    1.0,
    1.0,
    1.0
  ]
}