{
  "linearity_analysis": {
    "input_range": [
      0.4,
      1.62
    ],
    "ideal_outputs": [
      3.986307638110811e-06,
      7.803403922527812e-06,
      1.3186503707769958e-05,
      2.0132052068247042e-05,
      2.862741373302078e-05,
      3.864235783461378e-05,
      5.019506439353643e-05,
      6.327132677835611e-05,
      7.784740394499214e-05,
      9.392671145476982e-05,
      0.00011152024514992829,
      0.00013066189559050786,
      0.00015138715686109424,
      0.00017368576210799195,
      0.00019750938526469694,
      0.00022284320633881032,
      0.0002496812212164551,
      0.0002780372359304217,
      0.00030794001473299215,
      0.0003393937013333426,
      0.0003723889734079884,
      0.0004069469229421698,
      0.00044307486628646683,
      0.0004807626069324016,
      0.0005199861252553038,
      0.0005607049249700968,
      0.0006028797602255457,
      0.0006465087767844504,
      0.0006916162839146638,
      0.0007382162465141458,
      0.0007863244745447867,
      0.000835931083876382,
      0.0008870260917511247,
      0.0009395690280863508,
      0.0009932767852045587,
      0.0010477809415017603,
      0.0011027112433439406,
      0.001157734499747413,
      0.0012127579537882295,
      0.001267781407829046,
      0.0013228048618698623,
      0.001377828315910679,
      0.0014328517699514942,
      0.0014878752239923109,
      0.0015428986780331275,
      0.001597922132073944,
      0.0016529455861147603,
      0.001707969040155577,
      0.0017629924941963923,
      0.0018180159482372089
    ],
    "actual_outputs": [
      4.371135237154292e-06,
      8.262293572907839e-06,
      1.3721627187934396e-05,
      2.0744926117130575e-05,
      2.9304668586372256e-05,
      3.938393857757757e-05,
      5.0989801705143335e-05,
      6.412381944263565e-05,
      7.878119499881967e-05,
      9.49544206988312e-05,
      0.00011264132455592887,
      0.00013186252455587547,
      0.0001526509263515887,
      0.00017503925871708664,
      0.00019899883480197192,
      0.0002245086754922105,
      0.0002515577080973943,
      0.00028012420312422044,
      0.00031022212045382993,
      0.00034185266948932793,
      0.0003750251079099545,
      0.00040973565349194393,
      0.0004459896497451236,
      0.00048377816923635857,
      0.0005230796242720139,
      0.000563894428210488,
      0.0006062061164425379,
      0.000649990536241536,
      0.0006952201285066993,
      0.0007418785588849516,
      0.0007899593075587233,
      0.0008394310166553621,
      0.0008902123629159981,
      0.0009421714671838956,
      0.0009951030002966666,
      0.0010487850004118361,
      0.0011030247651351863,
      0.0011576279895394283,
      0.001212449233034017,
      0.001267393175468018,
      0.0013223906527143,
      0.0013774065532693091,
      0.0014324274471054213,
      0.001487450556045928,
      0.001542474010088746,
      0.0015974974641298559,
      0.0016525209181713454,
      0.0017075443722098774,
      0.0017625678262516292,
      0.00181759128029114
    ],
    "correlation": 0.9999975122172792,
    "max_error": 0.20188823207962256,
    "mse": 3.7217977731765555e-12,
    "linearity_error_percent": 0.20188823207962256
  },
  "temperature_analysis": {
    "temperature_analysis": [
      {
        "temperature": 250,
        "mean_output": 0.0003330820742181772,
        "std_output": 3.336628024329355e-05,
        "snr": 9.982595356433984,
        "vth_shift_mV": 100.0,
        "mobility_factor": 1.3145341380123985
      },
      {
        "temperature": 300,
        "mean_output": 0.0003778123622099973,
        "std_output": 3.2753940119401025e-05,
        "snr": 11.534867586394867,
        "vth_shift_mV": -0.0,
        "mobility_factor": 1.0
      },
      {
        "temperature": 350,
        "mean_output": 0.0004182276936956749,
        "std_output": 3.121918775989035e-05,
        "snr": 13.39649503095028,
        "vth_shift_mV": -100.0,
        "mobility_factor": 0.7935600855193298
      },
      {
        "temperature": 400,
        "mean_output": 0.00045498935877304615,
        "std_output": 2.9131455620922788e-05,
        "snr": 15.618490359481514,
        "vth_shift_mV": -200.0,
        "mobility_factor": 0.649519052838329
      }
    ]
  },
  "mismatch_analysis": {
    "mismatch_analysis": [
      {
        "mismatch_factor": 0.01,
        "mean_output": 0.00037204400440667937,
        "std_across_trials": 3.4863070611544747e-06,
        "cv_across_trials": 0.009370684703585791,
        "p5": 0.0003659061297678424,
        "p95": 0.0003776280955707892,
        "yield_5pct": 1.0,
        "n_trials": 100
      },
      {
        "mismatch_factor": 0.05,
        "mean_output": 0.0003747099334936451,
        "std_across_trials": 2.7219979292352477e-06,
        "cv_across_trials": 0.007264280142926639,
        "p5": 0.0003699559435129805,
        "p95": 0.0003793751781214223,
        "yield_5pct": 1.0,
        "n_trials": 100
      },
      {
        "mismatch_factor": 0.1,
        "mean_output": 0.000381473779802961,
        "std_across_trials": 2.8871952953954763e-06,
        "cv_across_trials": 0.0075685288170703946,
        "p5": 0.0003775075492888232,
        "p95": 0.00038670617149656457,
        "yield_5pct": 1.0,
        "n_trials": 100
      },
      {
        "mismatch_factor": 0.2,
        "mean_output": 0.0004092467653555497,
        "std_across_trials": 3.4675024783967444e-06,
        "cv_across_trials": 0.008472889151327101,
        "p5": 0.0004036917077287384,
        "p95": 0.0004151361631347436,
        "yield_5pct": 1.0,
        "n_trials": 100
      }
    ],
    "n_trials": 100
  },