{
  "linearity": {
    "FeFET": {
      "ideal": [
        4.173405377637365e-06,
        7.644234531786993e-06,
        1.2385645987465835e-05,
        1.837575364704156e-05,
        2.560512219523805e-05,
        3.40755443258002e-05,
        4.378815154232397e-05,
        5.4760396477216886e-05,
        6.699465361031544e-05,
        8.04693232593525e-05,
        9.517748220786592e-05,
        0.00011112050358742101,
        0.0001282863163433276,
        0.00014669253082747448,
        0.00016636294059412839,
        0.0001872965154644585,
        0.0002094945142063873,
        0.00023296314041326295,
        0.000257684179710372,
        0.00028365305985504836,
        0.00031086885741829175,
        0.00033933366842295364,
        0.0003690331247579869,
        0.0003999559743379944,
        0.0004321010711037513,
        0.0004654574330152876,
        0.0005000080568289364,
        0.0005357518168178924,
        0.0005726853909045313,
        0.0006108057423225995,
        0.0006501281359650212,
        0.0006906725642853044,
        0.0007324519364245627,
        0.0007754715828455045,
        0.0008197213408939689,
        0.000865216567892256,
        0.0009119433342489329,
        0.0009597785797941974,
        0.0010084711258925316,
        0.0010577332000180355,
        0.0011072871058793133,
        0.0011568983886369082,
        0.0012065096996573164,
        0.0012561210106777246,
        0.001305732321698133,
        0.0013553436327185414,
        0.0014049549437389495,
        0.0014545662547593569,
        0.0015041775657797648,
        0.0015537888768001732
      ],
      "actual": [
        4.045872757481533e-06,
        7.380481657995814e-06,
        1.1967367762750246e-05,
        1.7669799798211885e-05,
        2.456462254736748e-05,
        3.273544447016827e-05,
        4.1884485199622214e-05,
        5.232596438041804e-05,
        6.391944304022146e-05,
        7.660885259381812e-05,
        9.032657507945018e-05,
        0.00010533548711199757,
        0.00012135523709030203,
        0.00013853641275593466,
        0.00015677580733547647,
        0.00017630595065372013,
        0.0001967193718706347,
        0.0002182283011953892,
        0.00024098541953707303,
        0.0002646470464232167,
        0.000289562072365414,
        0.0003156738373822527,
        0.0003426967330285699,
        0.0003705449397094277,
        0.00039971635019372004,
        0.00042966875586722506,
        0.00046083182372898767,
        0.0004926910248371351,
        0.000525213265962049,
        0.000559358384491762,
        0.0005944113931535661,
        0.0006298714302244081,
        0.0006665475908383658,
        0.0007040301951363087,
        0.0007432016248052019,
        0.0007834258151702379,
        0.0008236524672607204,
        0.0008652036473966529,
        0.0009074098058369185,
        0.0009502697842813684,
        0.0009921743483010748,
        0.0010348489952677006,
        0.0010771323715840098,
        0.0011193722651394445,
        0.001160277352369625,
        0.0012017856104644192,
        0.0012432627203767899,
        0.001285146032764224,
        0.0013262035642216427,
        0.0013668359921985493
      ],
      "correlation": 0.9998558833095269,
      "r_squared": 0.9997117873886743,
      "max_error": 12.064469415112546
    },
    "RRAM": {
      "ideal": [
        0.025774942468567374,
        0.027221495362211464,
        0.028668048255855547,
        0.03011460114949964,
        0.031561154043143726,
        0.03300770693678781,
        0.034454259830431905,
        0.035900812724075984,
        0.037347365617720084,
        0.03879391851136416,
        0.04024047140500825,
        0.04168702429865233,
        0.04313357719229642,
        0.044580130085940514,
        0.04602668297958461,
        0.04747323587322869,
        0.04891978876687277,
        0.05036634166051686,
        0.05181289455416096,
        0.053259447447805044,
        0.05470600034144913,
        0.05615255323509321,
        0.0575991061287373,
        0.05904565902238139,
        0.06049221191602548,
        0.061938764809669575,
        0.06338531770331365,
        0.06483187059695773,
        0.06627842349060183,
        0.0677249763842459,
        0.06917152927789,
        0.07061808217153409,
        0.07206463506517817,
        0.07351118795882228,
        0.07495774085246634,
        0.07640429374611045,
        0.07785084663975453,
        0.07929739953339862,
        0.08074395242704271,
        0.08219050532068678,
        0.08363705821433087,
        0.08508361110797497,
        0.08653016400161906,
        0.08797671689526314,
        0.08942326978890723,
        0.09086982268255132,
        0.09231637557619542,
        0.09376292846983947,
        0.09520948136348356,
        0.09665603425712765
      ],
      "actual": [
        0.026393538888792138,
        0.02795020583376554,
        0.029519205218773797,
        0.031101211377668504,
        0.032696887301192745,
        0.034306863908155086,
        0.035931818415027614,
        0.037572400947013584,
        0.03922926151094466,
        0.04090306821278942,
        0.042594463860620324,
        0.044304114602001315,
        0.04603266437136127,
        0.04778079388533009,
        0.04954913671052547,
        0.05133835115739659,
        0.05314909520032558,
        0.054982026359154404,
        0.056837825149370504,
        0.05871709702358176,
        0.06062053150820332,
        0.06254878149200296,
        0.06450249707041833,
        0.06648235065367471,
        0.06848898319456075,
        0.07052304045511815,
        0.07258519321102505,
        0.07467609884597867,
        0.07679640361917695,
        0.0789467673817919,
        0.08112786756995723,
        0.08334031372055242,
        0.08558481645561913,
        0.0878619819954712,
        0.090172503268594,
        0.09251702841374437,
        0.09489618484277998,
        0.09731067214228181,
        0.09976111937712658,
        0.10224818631870873,
        0.1047725368015851,
        0.10733482854288875,
        0.10993569011533919,
        0.11257581319935592,
        0.11525583507097056,
        0.11797641660557487,
        0.120738210879926,
        0.12354187143323406,
        0.1263880685337896,
        0.12927744863993293
      ],
      "correlation": 0.9962599919037111,
      "r_squared": 0.9925339714679824,
      "max_error": 46.022731252666944
    },
    "SRAM": {
      "ideal": [
        0.025497675064989213,
        0.02692866703292228,
        0.02835965900085535,
        0.02979065096878842,
        0.031221642936721486,
        0.03265263490465455,
        0.03408362687258762,
        0.035514618840520686,
        0.03694561080845376,
        0.038376602776386826,
        0.03980759474431989,
        0.04123858671225296,
        0.04266957868018603,
        0.0441005706481191,
        0.04553156261605217,
        0.046962554583985225,
        0.0483935465519183,
        0.049824538519851365,
        0.05125553048778443,
        0.052686522455717505,
        0.05411751442365058,
        0.05554850639158364,
        0.05697949835951671,
        0.05841049032744978,
        0.059841482295382845,
        0.06127247426331592,
        0.06270346623124898,
        0.06413445819918207,
        0.06556545016711512,
        0.06699644213504818,
        0.06842743410298124,
        0.06985842607091433,
        0.07128941803884739,
        0.07272041000678045,
        0.07415140197471352,
        0.0755823939426466,
        0.07701338591057966,
        0.07844437787851273,
        0.0798753698464458,
        0.08130636181437885,
        0.08273735378231194,
        0.08416834575024501,
        0.08559933771817807,
        0.08703032968611116,
        0.0884613216540442,
        0.08989231362197728,
        0.09132330558991035,
        0.0927542975578434,
        0.09418528952577646,
        0.09561628149370954
      ],