{
  "linearity_analysis": {
    "input_range": [
      0.4,
      1.62
    ],
    "ideal_outputs": [
      -2353.0096965561247,
      -2499.472545015231,
      -2645.9353934743363,
      -2792.398241933442,
      -2938.8610903925482,
      -3085.323938851654,
      -3231.7867873107593,
      -3378.249635769865,
      -3524.7124842289713,
      -3671.1753326880767,
      -3817.6381811471824,
      -3964.101029606288,
      -4110.563878065394,
      -4257.0267265245,
      -4403.489574983606,
      -4549.952423442711,
      -4696.415271901817,
      -4842.878120360922,
      -4989.340968820029,
      -5135.803817279134,
      -5282.266665738241,
      -5428.729514197345,
      -5575.192362656452,
      -5721.655211115557,
      -5868.118059574663,
      -6014.5809080337685,
      -6161.043756492875,
      -6307.506604951981,
      -6453.969453411087,
      -6600.432301870192,
      -6746.8951503292965,
      -6893.357998788403,
      -7039.82084724751,
      -7186.283695706616,
      -7332.746544165721,
      -7479.209392624826,
      -7625.672241083931,
      -7772.135089543038,
      -7918.5979380021445,
      -8065.060786461249,
      -8211.523634920355,
      -8357.986483379464,
      -8504.449331838567,
      -8650.912180297673,
      -8797.375028756778,
      -8943.837877215885,
      -9090.300725674992,
      -9236.763574134096,
      -9383.2264225932,
      -9529.689271052306
    ],
    "actual_outputs": [
      128.00011040132722,
      128.00025280016305,
      128.00005258148812,
      128.00104096771733,
      128.0000605389919,
      128.0015010262566,
      128.03818961325925,
      128.28531565972023,
      128.92897290902624,
      130.0403306425874,
      131.6074864071566,
      133.63207389732833,
      136.1070674607341,
      139.01084715730568,
      142.3450490764057,
      146.13263906738757,
      150.3767339454582,
      155.05306961870232,
      160.14843594748763,
      165.68545982881065,
      171.69528461011294,
      178.15571225746746,
      185.09703683498708,
      192.47284121204356,
      200.28886147199037,
      208.5447887351677,
      217.24690565498713,
      226.39544300853464,
      235.97949885572342,
      246.02010969491587,
      256.50806641139627,
      267.4389188342675,
      278.81255099515505,
      290.6139564488436,
      302.85403236512207,
      315.5342615742923,
      328.62614008219003,
      342.12493968669173,
      356.0230235501748,
      370.35374626186757,
      385.0872712572867,
      400.1597355492998,
      415.51873741131703,
      431.11359718081275,
      446.85103303827134,
      462.68543111359696,
      478.5843487717386,
      494.5057453578421,
      510.43786926857354,
      526.3698306780427
    ],
    "correlation": -0.9491857661519499,
    "max_error": 0.0,
    "mse": 25843907.8838169,
    "linearity_error_percent": 0.0
  },
  "temperature_analysis": {
    "temperature_analysis": [
      {
        "temperature": 250,
        "mean_output": 0.00017220532758862488,
        "std_output": 5.148178790184581e-06,
        "snr": 33.44975662402174
      },
      {
        "temperature": 300,
        "mean_output": 0.00017220776079463228,
        "std_output": 5.147580032730762e-06,
        "snr": 33.45412013016863
      },
      {
        "temperature": 350,
        "mean_output": 0.00017220689142139845,
        "std_output": 5.1480269909243064e-06,
        "snr": 33.4510467262487
      },
      {
        "temperature": 400,
        "mean_output": 0.00017220500540728967,
        "std_output": 5.1470443749912406e-06,
        "snr": 33.45706639795246
      }
    ]
  },
  "mismatch_analysis": {
    "mismatch_analysis": [
      {
        "mismatch_factor": 0.01,
        "mean_output": 0.00017265764005735661,
        "std_output": 5.662807239020691e-06,
        "cv": 0.032797895518203043
      },
      {
        "mismatch_factor": 0.05,
        "mean_output": 0.00017163523290987734,
        "std_output": 5.730712407875772e-06,
        "cv": 0.03338890454318822
      },
      {
        "mismatch_factor": 0.1,
        "mean_output": 0.00017348188238634565,
        "std_output": 6.024084174304363e-06,
        "cv": 0.03472457233827262
      },
      {
        "mismatch_factor": 0.2,
        "mean_output": 0.0001778195258387774,
        "std_output": 7.2344601182552105e-06,
        "cv": 0.04068428415906607
      }
    ]
  },
  "fet_iv_characteristics": {
    "vgs": [
      0.0,
      0.01818181818181818,
      0.03636363636363636,
      0.05454545454545454,
      0.07272727272727272,
      0.09090909090909091,
      0.10909090909090909,
      0.12727272727272726,
      0.14545454545454545,
      0.16363636363636364,
      0.18181818181818182,
      0.19999999999999998,
      0.21818181818181817,
      0.23636363636363636,
      0.2545454545454545,
      0.2727272727272727,
      0.2909090909090909,
      0.3090909090909091,
      0.32727272727272727,
      0.34545454545454546,
      0.36363636363636365,
      0.3818181818181818,
      0.39999999999999997,
      0.41818181818181815,
      0.43636363636363634,
      0.45454545454545453,
      0.4727272727272727,
      0.4909090909090909,
      0.509090909090909,
      0.5272727272727272,
      0.5454545454545454,
      0.5636363636363636,
      0.5818181818181818,
      0.6,
      0.6181818181818182,
      0.6363636363636364,
      0.6545454545454545,
      0.6727272727272727,
      0.6909090909090909,
      0.7090909090909091,
      0.7272727272727273,
      0.7454545454545454,
      0.7636363636363636,
      0.7818181818181817,
      0.7999999999999999,
      0.8181818181818181,
      0.8363636363636363,
      0.8545454545454545,
      0.8727272727272727,
      0.8909090909090909,
      0.9090909090909091,
      0.9272727272727272,
      0.9454545454545454,
      0.9636363636363636,
      0.9818181818181818,
      1.0,
      1.018181818181818,
      1.0363636363636364,
      1.0545454545454545,
      1.0727272727272728,
      1.0909090909090908,
      1.1090909090909091,
      1.1272727272727272,
      1.1454545454545455,
      1.1636363636363636,
      1.1818181818181817,
      1.2,
      1.218181818181818,
      1.2363636363636363,
      1.2545454545454544,
      1.2727272727272727,
      1.2909090909090908,
      1.309090909090909,
      1.3272727272727272,
      1.3454545454545455,
      1.3636363636363635,
      1.3818181818181818,
      1.4,
      1.4181818181818182,
      1.4363636363636363,
      1.4545454545454546,
      1.4727272727272727,
      1.4909090909090907,
      1.509090909090909,
      1.5272727272727271,
      1.5454545454545454,
      1.5636363636363635,
      1.5818181818181818,
      1.5999999999999999,
      1.6181818181818182,
      1.6363636363636362,
      1.6545454545454545,
      1.6727272727272726,
      1.690909090909091,
      1.709090909090909,
      1.7272727272727273,
      1.7454545454545454,
      1.7636363636363634,
      1.7818181818181817,
      1.8
    ],