{
  "train_loss": [
    1.1164243777694605,
    0.7950263763861278,
    0.698264257186819,
    0.63740950704688,
    0.5935364264204069,
    0.5436864828552737,
    0.5136916584447216,
    0.484841922340948,
    0.4528287098269024,
    0.4280709044631485,
    0.402899064962059,
    0.3664761437460437,
    0.3398274939955043,
    0.3115287854924531,
    0.28074163957344145,
    0.25827315497352643,
    0.23930104447485845,
    0.22412846732379682,
    0.21233867443716892,
    0.21070616589882946
  ],
  "train_acc": [
    62.222,
    73.164,
    76.214,
    78.2,
    79.526,
    81.386,
    82.32,
    83.27,
    84.272,
    85.266,
    86.066,
    87.402,
    88.176,
    89.156,
    90.296,
    91.064,
    91.454,
    92.17,
    92.53,
    92.592
  ],
  "test_loss": [
    1.1473971855640412,
    1.0226030886173247,
    0.8122913044691086,
    0.8387114828824997,
    0.8011584585905075,
    0.8034632858633995,
    0.7591542086005211,
    0.6894853752851486,
    0.6825462636351586,
    0.6485621806979179,
    0.7007029074430465,
    0.7260435846447945,
    0.6488473707437515,
    0.6524424102902412,
    0.6343199789524079,
    0.6087564490735531,
    0.6054821121692657,
    0.5932160216569901,
    0.6093724846839905,
    0.612008541226387
  ],
  "test_acc": [
    67.99,
    70.76,
    75.62,
    75.95,
    77.05,
    75.33,
    77.17,
    80.07,
    79.89,
    80.65,
    80.57,
    79.56,
    81.99,
    82.25,
    82.77,
    83.79,
    83.92,
    84.85,
    84.41,
    84.34
  ],
  "alpha_values": [
    0.2,
    0.2,
    0.2,
    0.2,
    0.2,
    0.2,
    0.2,
    0.2,
    0.2,
    0.2,
    0.2,
    0.2,
    0.2,
    0.2,
    0.2,
    0.2,
    0.2,
    0.2,
    0.2,
    0.2
  ],
  "final_evaluation": {
    "alpha_0.0": 84.34,
    "alpha_0.2": 87.3
  },
  "best_accuracy": 84.85,
  "best_epoch": 17
}