{
  "train_loss": [
    2.976673090244498,
    1.842338562926368,
    1.6864816822359323,
    1.5760034841039907,
    1.4914931839384387,
    1.3979498300406024,
    1.3061885632517394,
    1.2150043192726876,
    1.1183101886983418,
    1.046157660844076,
    0.9792100666733958,
    0.9101053607433348,
    0.8529360355318659,
    0.7974066388271653,
    0.7462823688221709,
    0.696172140290975,
    0.6489255377246291,
    0.6069657279707282,
    0.5769044099104069,
    0.5579240705503528
  ],
  "train_acc": [
    17.302,
    29.256,
    35.552,
    40.346,
    44.358,
    48.6,
    52.496,
    56.028,
    60.002,
    62.686,
    65.554,
    68.038,
    70.204,
    72.044,
    73.78,
    75.698,
    77.312,
    78.928,
    79.878,
    80.612
  ],
  "test_loss": [
    2.3871281695365907,
    2.372366428375244,
    2.3871261835098267,
    2.3897616171836855,
    2.3730841493606567,
    2.361729824542999,
    2.3725903940200808,
    2.4121318101882934,
    2.3932580518722535,
    2.3736575865745544,
    2.3751830530166624,
    2.363819808959961,
    2.4474444818496703,
    2.394384915828705,
    2.4167115020751955,
    2.382711880207062,
    2.419476099014282,
    2.45372435092926,
    2.451486053466797,
    2.446824543476105
  ],
  "test_acc": [
    10.0,
    12.25,
    10.0,
    10.0,
    10.0,
    10.0,
    10.0,
    10.0,
    10.0,
    10.0,
    10.0,
    10.01,
    10.0,
    10.0,
    10.0,
    11.05,
    10.21,
    10.6,
    10.02,
    10.17
  ],
  "noise_strength": [
    1.5,
    1.5,
    1.5,
    1.5,
    1.5,
    1.5,
    1.5,
    1.5,
    1.5,
    1.5,
    1.5,
    1.5,
    1.5,
    1.5,
    1.5,
    1.5,
    1.5,
    1.5,
    1.5,
    1.5
  ]
}