{
  "train_loss": [
    1.1208778987150363,
    0.7954492849081068,
    0.6972489530777992,
    0.6381944298477429,
    0.5812776652748323,
    0.5442721777026306,
    0.5342314365079336,
    0.48866464845512225,
    0.47071748487937176,
    0.42183032144061133,
    0.39588562037100267,
    0.3633356215741933,
    0.3391484652200471,
    0.30978126009768997,
    0.2795504583498401,
    0.261073293340633,
    0.23549896649196936,
    0.21858575433264,
    0.20413947628949153,
    0.20212515786556942
  ],
  "train_acc": [
    61.778,
    72.938,
    76.054,
    78.204,
    80.3,
    81.332,
    81.514,
    83.136,
    83.994,
    85.348,
    86.348,
    87.32,
    88.332,
    89.118,
    90.256,
    90.854,
    91.726,
    92.288,
    92.908,
    93.004
  ],
  "test_loss": [
    1.0817236065864564,
    0.9079828110337257,
    0.7451624277234078,
    0.6429139566421509,
    0.6356449049711227,
    0.5974217852950097,
    0.6286898946762085,
    0.6152101239562034,
    0.5466908839344978,
    0.5179611796140671,
    0.5415237125754356,
    0.5223919621109963,
    0.47145147770643236,
    0.516382428407669,
    0.5076081663370132,
    0.4800461459159851,
    0.4758441938459873,
    0.4881419512629509,
    0.48426978185772895,
    0.48079801827669144
  ],
  "test_acc": [
    68.32,
    72.64,
    75.89,
    79.59,
    79.48,
    80.5,
    79.31,
    80.15,
    82.24,
    83.33,
    82.38,
    83.78,
    84.88,
    84.03,
    84.74,
    85.72,
    85.69,
    85.88,
    86.1,
    86.33
  ],
  "alpha_values": [
    0.1,
    0.1,
    0.1,
    0.1,
    0.1,
    0.1,
    0.1,
    0.1,
    0.1,
    0.1,
    0.1,
    0.1,
    0.1,
    0.1,
    0.1,
    0.1,
    0.1,
    0.1,
    0.1,
    0.1
  ],
  "final_evaluation": {
    "alpha_0.0": 86.33,
    "alpha_0.1": 86.98
  },
  "best_accuracy": 86.33,
  "best_epoch": 19
}