{
  "train_loss": [
    0.8278235646007616,
    0.731637941297058,
    0.6744166474665523,
    0.633599619045282,
    0.5905838395323595,
    0.5613148909852937,
    0.5249137969120689,
    0.500960166420778,
    0.4747697746814669,
    0.44038190523071974,
    0.41474854260149513,
    0.38887139968097667,
    0.3620367110766413,
    0.3362932910623453,
    0.3155891387282735,
    0.29449168956645616,
    0.273670518604081,
    0.26350699971094155,
    0.2529891641700969,
    0.24647715723956637
  ],
  "train_acc": [
    71.336,
    74.596,
    76.578,
    78.136,
    79.604,
    80.506,
    81.858,
    82.732,
    83.532,
    84.638,
    85.462,
    86.386,
    87.198,
    88.18,
    88.89,
    89.67,
    90.374,
    90.748,
    91.056,
    91.314
  ],
  "test_loss": [
    0.9028513559699058,
    0.8818993586301803,
    0.8147180891036987,
    0.6178710177540779,
    0.6696313029527664,
    0.6037803938984871,
    0.583796176314354,
    0.594602684378624,
    0.5710582140088082,
    0.526734704375267,
    0.5050233951210976,
    0.5001520636677742,
    0.5027080702781678,
    0.5090069177746773,
    0.4825615525245667,
    0.4744636881351471,
    0.475301218777895,
    0.4687814053893089,
    0.4725716680288315,
    0.4708175876736641
  ],
  "test_acc": [
    68.62,
    69.62,
    73.0,
    78.77,
    76.82,
    78.86,
    79.99,
    80.09,
    80.88,
    82.01,
    82.85,
    83.54,
    83.47,
    83.59,
    84.18,
    84.78,
    84.66,
    85.0,
    85.0,
    85.02
  ]
}