{
  "train_loss": [
    1.1061788539752326,
    0.7873169742429348,
    0.6970518875838546,
    0.6729932593948701,
    0.5990691492738931,
    0.6010193807046736,
    0.5249846655961192,
    0.49414073108026135,
    0.46632359134952733,
    0.43259793016916653,
    0.4048708163182754,
    0.3752946598298105,
    0.3468550277488006,
    0.31868488394924444,
    0.2935361181435835,
    0.27184364980901293,
    0.24855740934305484,
    0.22991325583337519,
    0.22251162444100814,
    0.21422723605943
  ],
  "train_acc": [
    61.898,
    73.04,
    76.368,
    76.902,
    79.392,
    79.298,
    82.032,
    82.806,
    84.13,
    85.198,
    85.896,
    87.096,
    88.088,
    89.044,
    89.682,
    90.414,
    91.298,
    91.882,
    92.422,
    92.436
  ],
  "test_loss": [
    1.292658075094223,
    1.50926911175251,
    1.1242582577466964,
    0.9803525325655937,
    1.1844918322563172,
    1.0273125493526458,
    0.9578068375587463,
    0.8909394171833992,
    0.9451584547758103,
    0.9355344396829605,
    0.8712784191966056,
    0.9865615698695183,
    0.8548402705788612,
    0.828081170618534,
    0.8269436138868332,
    0.8456897574663162,
    0.8283894029259682,
    0.8172106406092644,
    0.8052241981029511,
    0.7885760816931725
  ],
  "test_acc": [
    65.53,
    67.31,
    71.47,
    73.55,
    72.16,
    73.45,
    75.99,
    77.9,
    76.69,
    77.29,
    78.27,
    78.56,
    78.25,
    79.4,
    79.7,
    80.0,
    80.99,
    81.18,
    81.74,
    81.72
  ],
  "alpha_values": [
    0.3,
    0.3,
    0.3,
    0.3,
    0.3,
    0.3,
    0.3,
    0.3,
    0.3,
    0.3,
    0.3,
    0.3,
    0.3,
    0.3,
    0.3,
    0.3,
    0.3,
    0.3,
    0.3,
    0.3
  ],
  "final_evaluation": {
    "alpha_0.0": 81.72,
    "alpha_0.3": 87.31
  },
  "best_accuracy": 81.74,
  "best_epoch": 18
}